,Name,Club,Nationality,Pos,Matches,Starts,Mins,90s,Goals,Assists,NPnG,PnG,PnAtt,YC,RC,xG,xA,xG/90,xA/90,SCPass,SCDrib,TCPass,PAtt,KeyP,Cross,Touches,SuccDrib,AtmpDrib
1,Che Adams,Southampton,SCO,FW,13,11,868,9.6,3,1,3,0,0,0,0,2.4,1.4,0.25,0.15,14,1,130,195,10,4,328,4,12
2,Rayan Aït Nouri,Wolverhampton Wanderers,FRA,DF,9,8,718,8,0,1,0,0,0,1,0,0.3,0.6,0.04,0.07,6,3,312,440,6,22,558,17,31
3,Nathan Aké,Manchester City,NED,DF,8,6,581,6.5,1,0,1,0,0,0,0,0.3,0,0.04,0,0,0,456,495,0,0,549,0,2
4,Marc Albrighton,Leicester City,ENG,"DF,FW",8,4,430,4.8,1,0,1,0,0,1,0,0.5,0.3,0.1,0.06,3,0,90,157,4,8,218,10,18
5,Thiago Alcántara,Liverpool FC,ESP,MF,11,8,676,7.5,1,1,1,0,0,1,0,1.5,1,0.19,0.13,23,0,563,645,10,0,718,2,6
6,Trent Alexander-Arnold,Liverpool FC,ENG,DF,18,18,1594,17.7,2,9,2,0,0,1,0,1.9,7.1,0.11,0.4,53,1,1162,1536,54,69,1702,12,20
7,Alisson,Liverpool FC,BRA,GK,18,18,1620,18,0,0,0,0,0,0,0,0,0,0,0,1,0,566,644,0,0,703,1,2
8,Allan,Everton,BRA,MF,16,16,1407,15.6,0,2,0,0,0,2,0,0.1,0.5,0.01,0.03,20,0,456,595,11,4,760,12,16
9,Dele Alli,Tottenham Hotspur,ENG,"MF,FW",10,8,657,7.3,1,0,0,1,1,1,0,1.5,0.8,0.2,0.11,5,0,167,214,2,3,331,5,18
10,Miguel Almirón,Newcastle United,PAR,MF,16,11,975,10.8,0,0,0,0,0,1,0,0.9,0.4,0.08,0.04,21,0,212,271,10,15,413,8,19
11,Marcos Alonso,Chelsea,ESP,DF,15,14,1257,14,1,2,1,0,0,4,0,1.6,2.8,0.11,0.2,34,1,572,761,25,36,964,9,19
12,Steven Alzate,Brighton,COL,MF,4,1,99,1.1,0,0,0,0,0,0,0,0.1,0.1,0.07,0.12,3,0,55,59,2,2,75,0,0
13,Daniel Amartey,Leicester City,GHA,DF,10,9,786,8.7,0,0,0,0,0,1,0,0,0,0,0,7,0,444,501,1,0,591,3,5
14,Joachim Andersen,Fulham,DEN,DF,16,14,1296,14.4,0,1,0,0,0,3,0,0.3,0.5,0.02,0.04,10,0,829,962,6,3,1109,2,4
15,Michail Antonio,West Ham United,ENG,FW,19,18,1660,18.4,8,5,8,0,1,5,1,7.4,4.2,0.4,0.23,45,6,263,403,32,32,677,20,46
16,Stuart Armstrong,Southampton,SCO,MF,6,2,217,2.4,0,0,0,0,0,0,0,0.4,0.3,0.18,0.11,8,0,63,93,6,2,116,1,4
17,Kepa Arrizabalaga,Chelsea,ESP,GK,1,1,90,1,0,0,0,0,0,0,0,0,0,0,0,0,0,28,30,0,0,31,0,0
18,Pierre-Emerick Aubameyang,Arsenal,GAB,FW,14,12,1037,11.5,4,1,4,0,2,3,0,5.8,0.8,0.5,0.07,14,1,143,203,9,9,320,2,6
19,Jordan Ayew,Crystal Palace,GHA,FW,19,16,1318,14.6,1,2,1,0,0,1,0,2.2,2.1,0.15,0.14,24,1,382,502,18,37,770,28,58
20,Luke Ayling,Leeds United,ENG,DF,10,10,898,10,1,1,1,0,0,0,0,0.4,0.1,0.04,0.01,6,0,560,686,2,7,796,9,13
21,César Azpilicueta,Chelsea,ESP,DF,14,13,1120,12.4,0,2,0,0,0,0,0,0.6,1.6,0.05,0.13,26,1,739,906,10,22,1042,6,8
22,Eric Bailly,Manchester United,CIV,DF,4,3,217,2.4,0,0,0,0,0,1,0,0,0,0,0,1,0,64,80,0,0,113,0,2
23,Patrick Bamford,Leeds United,ENG,FW,6,5,459,5.1,2,2,2,0,0,2,0,3.2,0.6,0.63,0.11,7,1,71,88,4,3,151,3,7
24,Ross Barkley,Chelsea,ENG,MF,5,1,154,1.7,0,0,0,0,0,0,0,0.8,0.5,0.48,0.32,11,2,90,110,7,1,131,4,5
25,Ashley Barnes,Burnley,ENG,FW,8,4,382,4.2,0,0,0,0,0,2,0,0.7,0.8,0.16,0.19,9,0,58,89,7,1,136,1,3
26,Harvey Barnes,Leicester City,ENG,"FW,MF",14,13,1025,11.4,2,2,2,0,0,2,0,2.3,1.3,0.2,0.12,19,2,249,338,12,18,506,13,42
27,Jan Bednarek,Southampton,POL,DF,14,13,1164,12.9,2,0,2,0,0,4,0,0.8,0.1,0.06,0.01,9,0,530,640,2,2,806,1,1
28,Donny van de Beek,Manchester United,NED,MF,7,0,73,0.8,1,0,1,0,0,0,0,0.7,0.5,0.82,0.6,4,0,25,32,3,0,51,2,3
29,Saïd Benrahma,West Ham United,ALG,"FW,MF",20,18,1438,16,5,4,5,0,0,0,0,3.3,2.1,0.21,0.13,37,3,413,545,20,39,736,19,46
30,Christian Benteke,Crystal Palace,BEL,FW,19,11,1069,11.9,4,1,4,0,0,3,0,5.4,1.1,0.45,0.09,15,1,194,277,10,1,420,9,18
31,Jóhann Berg Guðmundsson,Burnley,ISL,MF,17,13,1094,12.2,0,1,0,0,0,2,0,1.7,0.3,0.14,0.03,14,1,218,344,6,42,489,14,24
32,Steven Bergwijn,Tottenham Hotspur,NED,FW,8,3,312,3.5,0,1,0,0,0,0,0,0.8,0.5,0.24,0.13,9,1,74,90,5,4,138,3,8
33,Ryan Bertrand,Southampton,ENG,DF,4,4,337,3.7,0,0,0,0,0,1,0,0,0.3,0,0.08,1,0,154,191,2,1,228,0,1
34,Yves Bissouma,Brighton,MLI,MF,14,14,1210,13.4,0,1,0,0,0,6,0,0.6,0.6,0.04,0.04,11,4,623,700,5,2,867,24,30
35,Jarrod Bowen,West Ham United,ENG,FW,20,19,1674,18.6,3,7,3,0,0,2,0,5.6,4.1,0.3,0.22,35,6,344,503,29,38,751,18,44
36,Josh Brownhill,Burnley,ENG,MF,15,13,1203,13.4,0,0,0,0,0,4,0,0.6,1,0.05,0.08,20,0,356,470,15,8,584,5,8
37,Dan Burn,Brighton,ENG,DF,10,9,752,8.4,1,0,1,0,0,2,0,1.1,0,0.13,0,4,0,354,455,1,1,569,1,2
38,Jack Butland,Crystal Palace,ENG,GK,2,2,180,2,0,0,0,0,0,0,0,0,0,0,0,0,0,53,78,0,0,81,0,0
39,Willy Caballero,Southampton,ARG,GK,2,2,180,2,0,0,0,0,0,1,0,0,0,0,0,0,0,39,59,0,0,68,0,0
40,Dominic Calvert-Lewin,Everton,ENG,FW,4,4,338,3.8,3,0,1,2,3,0,0,4.9,0.1,1.31,0.04,5,0,40,63,3,0,108,1,3
41,João Cancelo,Manchester City,POR,DF,20,20,1787,19.9,1,4,1,0,0,5,0,2.1,3,0.11,0.15,48,2,1570,1851,22,52,2081,25,46
42,Matty Cash,Aston Villa,ENG,DF,19,19,1693,18.8,1,0,1,0,0,4,0,1.2,1.1,0.06,0.06,21,2,538,792,12,55,1046,9,18
43,Timothy Castagne,Leicester City,BEL,DF,16,12,1273,14.1,0,0,0,0,0,1,0,0.1,0.4,0,0.03,11,0,562,707,6,10,878,11,14
44,Edinson Cavani,Manchester United,URU,FW,8,4,438,4.9,2,0,2,0,0,0,0,2.4,0.2,0.49,0.04,2,0,97,123,2,1,167,4,4
45,Calum Chambers,Arsenal,ENG,DF,2,2,170,1.9,0,0,0,0,0,0,0,0.1,0.1,0.05,0.03,1,0,81,98,1,2,122,0,0
46,Ben Chilwell,Chelsea,ENG,DF,6,6,540,6,3,1,3,0,0,0,0,1.2,0.9,0.19,0.15,11,1,265,343,10,10,422,2,5
47,Hamza Choudhury,Leicester City,ENG,MF,3,2,134,1.5,0,0,0,0,0,0,0,0,0,0,0,0,0,42,56,0,0,75,1,1
48,Andreas Christensen,Chelsea,DEN,DF,13,11,1001,11.1,0,0,0,0,0,2,0,0.3,0.1,0.03,0.01,3,1,716,790,3,0,918,4,4
49,Carney Chukwuemeka,Aston Villa,ENG,"MF,FW",5,1,124,1.4,0,1,0,0,0,0,0,0.4,1,0.31,0.72,2,0,36,44,2,0,63,2,6
50,Ciaran Clark,Newcastle United,IRL,DF,12,12,991,11,0,1,0,0,0,2,1,0.8,0.3,0.07,0.03,4,0,273,344,4,3,443,3,4
51,Nathaniel Clyne,Crystal Palace,ENG,DF,2,1,91,1,0,0,0,0,0,1,0,0,0,0,0,0,0,29,43,0,0,54,0,0
52,Conor Coady,Wolverhampton Wanderers,ENG,DF,19,19,1706,19,1,0,1,0,0,1,0,1.1,0,0.06,0,4,0,683,770,0,2,925,1,1
53,Séamus Coleman,Everton,IRL,DF,14,14,1260,14,0,0,0,0,0,2,0,0.2,0.7,0.01,0.05,18,0,499,679,6,28,841,12,25
54,Aaron Connolly,Brighton,IRL,FW,4,1,156,1.7,0,0,0,0,0,0,0,0.5,0.4,0.26,0.2,2,0,15,18,1,1,34,0,1
55,Liam Cooper,Leeds United,SCO,DF,15,15,1274,14.2,0,1,0,0,0,4,0,0.2,0,0.02,0,5,0,741,847,2,1,1018,3,3
56,Jack Cork,Burnley,ENG,MF,8,8,641,7.1,0,0,0,0,0,1,0,0.1,0,0.01,0,3,0,133,188,1,3,255,6,8
57,Hélder Costa,Leeds United,POR,MF,1,0,22,0.2,0,0,0,0,0,0,0,0,0,0.11,0,0,0,4,4,0,0,6,0,0
58,Vladimír Coufal,West Ham United,CZE,DF,17,14,1274,14.2,0,2,0,0,0,3,1,0.3,1.7,0.02,0.12,24,0,546,793,12,50,939,8,11
59,Aaron Cresswell,West Ham United,ENG,DF,13,13,1140,12.7,1,1,1,0,0,0,0,0.4,1.4,0.03,0.11,14,0,691,869,17,26,970,0,4
60,Stuart Dallas,Leeds United,NIR,"DF,MF",19,19,1697,18.9,1,1,1,0,0,2,0,1.3,1.8,0.07,0.09,28,2,700,890,24,29,1106,10,19
61,Karl Darlow,Newcastle United,ENG,GK,8,8,720,8,0,0,0,0,0,1,0,0,0,0,0,0,0,152,253,0,0,269,0,0
62,Ben Davies,Tottenham Hotspur,WAL,DF,9,8,751,8.3,0,1,0,0,0,2,0,1.1,0.5,0.14,0.05,8,0,357,438,5,6,511,0,1
63,Tom Davies,Everton,ENG,MF,5,1,158,1.8,1,0,1,0,0,0,0,0.9,0,0.52,0,3,0,46,59,0,0,87,0,0
64,Keinan Davis,Aston Villa,ENG,FW,1,0,12,0.1,0,0,0,0,0,0,0,0,0,0,0,0,0,3,3,0,0,7,0,0
65,Craig Dawson,West Ham United,ENG,DF,17,13,1253,13.9,0,1,0,0,0,3,0,1.2,0.5,0.08,0.03,3,0,434,530,3,1,674,1,1
66,Kevin De Bruyne,Manchester City,BEL,MF,15,10,924,10.3,5,1,5,0,0,0,0,2.7,4.2,0.26,0.41,44,1,505,661,38,38,788,11,18
67,Fabian Delph,Everton,ENG,MF,6,3,249,2.8,0,0,0,0,0,1,0,0,0,0.01,0.02,2,0,106,125,1,1,161,4,5
68,Leander Dendoncker,Wolverhampton Wanderers,BEL,"MF,FW",15,7,699,7.8,0,1,0,0,0,3,0,0.6,0.7,0.08,0.09,8,0,253,293,5,2,388,1,4
69,Ibrahima Diallo,Southampton,FRA,MF,13,5,595,6.6,0,1,0,0,0,0,0,0.3,0.5,0.05,0.08,14,2,215,263,8,2,313,11,14
70,Raphael Dias Belloli,Leeds United,BRA,"MF,FW",17,17,1437,16,8,1,5,3,3,4,0,6.3,2.8,0.39,0.17,26,6,408,637,29,44,926,35,88
71,Rúben Dias,Manchester City,POR,DF,20,19,1682,18.7,2,2,2,0,0,4,0,1.4,1.1,0.07,0.06,16,0,1429,1518,7,4,1667,2,4
72,Eric Dier,Tottenham Hotspur,ENG,DF,18,18,1541,17.1,0,0,0,0,0,0,0,0.4,1.3,0.02,0.08,13,0,901,1021,6,0,1177,0,1
73,Lucas Digne,Everton,FRA,DF,13,13,1170,13,0,0,0,0,0,4,0,0.4,1.7,0.03,0.13,22,1,487,678,20,34,823,6,12
74,Virgil van Dijk,Liverpool FC,NED,DF,18,18,1620,18,1,1,1,0,0,2,0,1.4,0.1,0.08,0,9,0,1158,1270,3,0,1437,0,1
75,Issa Diop,West Ham United,FRA,DF,6,6,540,6,0,0,0,0,0,0,0,0.1,0,0.01,0,1,0,179,216,0,0,263,0,0
76,Moussa Djenepo,Southampton,MLI,MF,8,5,430,4.8,0,0,0,0,0,3,0,1.5,0.2,0.31,0.05,12,2,100,136,6,6,235,13,26
77,Matt Doherty,Tottenham Hotspur,IRL,DF,4,0,102,1.1,0,0,0,0,0,0,0,0.7,0.1,0.6,0.11,4,1,66,84,3,4,102,4,5
78,Gabriel Dos Santos,Arsenal,BRA,DF,17,17,1476,16.4,2,0,2,0,0,4,1,0.9,0.3,0.05,0.02,8,0,783,878,2,1,1019,2,2
79,Abdoulaye Doucouré,Everton,FRA,MF,14,14,1260,14,2,4,2,0,0,4,0,1.9,1.2,0.13,0.08,29,1,434,551,10,2,689,13,26
80,Martin Dúbravka,Newcastle United,SVK,GK,7,7,630,7,0,0,0,0,0,0,0,0,0,0,0,0,0,153,256,0,0,277,0,0
81,Lewis Dunk,Brighton,ENG,DF,14,14,1260,14,0,0,0,0,0,0,0,0.4,0.2,0.03,0.01,6,0,916,1004,1,2,1123,2,2
82,Ederson,Machester City,BRA,GK,20,20,1800,20,0,0,0,0,0,2,0,0,0,0,0,1,0,527,582,0,0,614,0,0
83,Anthony Elanga,Manchester United,SWE,"FW,MF",2,0,22,0.2,0,0,0,0,0,0,0,0,0,0,0,0,0,8,11,0,0,18,0,0
84,Mohamed Elneny,Arsenal,EGY,MF,7,1,176,2,0,1,0,0,0,0,0,0,0.2,0.01,0.08,4,0,107,116,4,0,131,0,1
85,Jonny Evans,Leicester City,NIR,DF,10,9,752,8.4,1,1,1,0,0,2,0,0.7,0.5,0.09,0.05,3,0,401,493,2,0,565,0,1
86,Eberechi Eze,Crystal Palace,ENG,MF,2,0,38,0.4,0,0,0,0,0,0,0,0,0,0,0,0,0,20,29,0,0,32,0,0
87,Łukasz Fabiański,West Ham United,POL,GK,20,20,1800,20,0,0,0,0,0,0,0,0,0,0,0,2,0,322,516,1,0,551,0,0
88,Fabinho,Liverpool FC,BRA,MF,14,13,1162,12.9,1,1,1,0,0,4,0,0.8,0.6,0.06,0.05,15,0,657,742,8,4,881,3,4
89,Bruno Fernandes,Manchester United,POR,MF,18,17,1500,16.7,5,3,5,0,1,5,0,4,4.5,0.24,0.27,62,0,681,938,49,43,1123,11,22
90,Federico Fernández,Newcastle United,ARG,DF,7,5,523,5.8,0,0,0,0,0,0,0,0.4,0.3,0.07,0.06,1,0,183,214,1,0,268,0,0
91,Fernandinho,Manchester City,BRA,MF,12,5,520,5.8,1,1,1,0,0,1,0,0.8,0.8,0.13,0.13,15,0,375,419,8,4,475,4,5
92,Roberto Firmino,Liverpool FC,BRA,"FW,MF",11,4,440,4.9,4,2,4,0,0,0,0,4,0.9,0.82,0.18,15,0,164,212,10,4,278,6,15
93,Phil Foden,Manchester City,ENG,FW,13,10,921,10.2,5,3,5,0,0,0,0,5.1,3.5,0.49,0.35,25,0,445,547,22,31,656,12,19
94,Pablo Fornals,West Ham United,ESP,"MF,FW",18,16,1355,15.1,4,2,4,0,0,3,0,2.9,2.1,0.19,0.14,35,1,444,600,20,21,766,9,24
95,Fraser Forster,Southampton,ENG,GK,2,2,180,2,0,0,0,0,0,0,0,0,0,0,0,0,0,45,84,0,0,93,0,0
96,Ryan Fraser,Newcastle United,SCO,MF,14,7,601,6.7,0,1,0,0,0,1,0,0.5,0.5,0.08,0.08,6,0,123,180,7,19,226,1,4
97,Fred,Manchester United,BRA,MF,15,14,1166,13,2,1,2,0,0,4,0,0.5,0.7,0.04,0.05,21,0,630,749,12,2,911,5,12
98,Ryan Fredericks,West Ham United,ENG,DF,1,0,3,0,0,0,0,0,0,0,0,0,0,0,0,0,0,2,2,0,0,3,0,0
99,Conor Gallagher,West Bromwich Albion,ENG,MF,17,17,1480,16.4,6,3,6,0,0,4,0,3.6,3.1,0.22,0.19,33,3,495,632,29,38,864,30,42
100,Dwight Gayle,Newcastle United,ENG,FW,4,0,31,0.3,0,0,0,0,0,0,0,0,0,0.14,0.05,1,0,6,8,1,0,13,0,0
101,Jean-Philippe Gbamin,Everton,CIV,MF,3,1,67,0.7,0,0,0,0,0,0,0,0,0,0,0,0,0,16,21,0,0,28,1,2
102,David de Gea,Manchester United,ESP,GK,19,19,1710,19,0,0,0,0,0,0,0,0,0,0,0,3,0,323,447,0,0,501,0,0
103,Anwar El Ghazi,Aston Villa,NED,"FW,MF",9,4,386,4.3,1,1,0,1,1,2,0,1.1,0.4,0.25,0.09,8,1,82,115,4,11,184,3,12
104,Morgan Gibbs-White,Wolverhampton Wanderers,ENG,"FW,MF",2,0,9,0.1,0,0,0,0,0,1,0,0.1,0,1.22,0,0,0,7,10,0,0,13,0,0
105,Billy Gilmour,Chelsea,SCO,MF,12,12,1053,11.7,0,1,0,0,0,2,0,0.3,1.1,0.03,0.09,15,1,597,740,17,11,848,6,13
106,Ben Godfrey,Everton,ENG,DF,15,15,1309,14.5,0,0,0,0,0,3,0,0.9,0.5,0.06,0.04,18,1,363,487,10,11,660,4,6
107,André Gomes,Everton,POR,MF,7,2,256,2.8,0,1,0,0,0,1,0,0.6,0.2,0.2,0.07,6,2,80,101,4,2,144,5,5
108,Joe Gomez,Liverpool FC,ENG,DF,3,0,15,0.2,0,0,0,0,0,0,0,0,0,0,0,0,0,8,14,0,0,16,0,0
109,Anthony Gordon,Everton,ENG,"MF,FW",15,8,791,8.8,2,1,2,0,0,1,0,1.4,0.8,0.16,0.09,11,1,187,264,8,21,397,12,23
110,Demarai Gray,Leicester City,ENG,"MF,FW",17,16,1326,14.7,5,2,5,0,0,3,0,2.7,2.3,0.18,0.16,29,8,300,416,22,37,613,24,47
111,Jack Grealish,Aston Villa,ENG,FW,14,13,1062,11.8,2,2,2,0,0,1,0,3.5,3.2,0.3,0.27,52,3,489,563,33,20,697,16,31
112,Mason Greenwood,Manchester United,ENG,"FW,MF",15,13,1032,11.5,4,1,4,0,0,1,0,3.1,1.6,0.27,0.14,34,4,318,412,15,20,539,23,39
113,Pascal Groß,Brighton,GER,"MF,DF",12,10,855,9.5,0,2,0,0,0,0,0,0.8,1.8,0.08,0.19,23,0,460,586,25,25,673,2,4
114,Vicente Guaita,Crystal Palace,ESP,GK,18,18,1620,18,0,0,0,0,0,1,0,0,0,0,0,0,0,448,560,0,0,605,0,0
115,İlkay Gündoğan,Manchester City,GER,MF,14,12,1056,11.7,4,3,4,0,0,1,0,5.2,2.4,0.45,0.21,31,1,621,726,24,16,827,12,17
116,Jack Harrison,Leeds United,ENG,"MF,FW",16,14,1166,13,1,1,1,0,0,2,0,1,1.2,0.08,0.09,26,3,303,456,19,47,628,19,39
117,Kortney Hause,Aston Villa,ENG,DF,5,4,351,3.9,1,0,1,0,0,0,0,0.1,0,0.02,0,0,0,118,159,0,1,197,2,4
118,Kai Havertz,Chelsea,GER,"FW,MF",15,12,934,10.4,2,1,2,0,0,0,0,3.1,0.7,0.3,0.07,15,0,265,327,3,9,487,10,24
119,Isaac Hayden,Newcastle United,ENG,"MF,DF",14,12,1002,11.1,1,0,1,0,0,5,0,0.4,0.1,0.04,0.01,6,0,255,318,2,5,460,8,13
120,Jordan Henderson,Liverpool FC,ENG,MF,18,16,1387,15.4,2,3,2,0,0,2,0,1,2.3,0.06,0.15,40,2,998,1192,23,28,1304,8,14
121,Jeff Hendrick,Newcastle United,IRL,MF,3,0,72,0.8,1,0,1,0,0,0,0,0,0,0.04,0.06,1,0,24,27,1,0,32,1,1
122,Son Heung-min,Tottenham Hotspur,KOR,"FW,MF",17,17,1483,16.5,8,3,8,0,0,0,0,6.9,3.5,0.42,0.21,31,1,507,669,32,36,839,29,49
123,Ki-Jana Hoever,Wolverhampton Wanderers,NED,DF,6,2,194,2.2,0,0,0,0,0,1,0,0,0,0.01,0.02,3,0,75,105,1,6,131,1,2
124,Rob Holding,Arsenal,ENG,DF,5,3,320,3.6,0,0,0,0,0,2,0,0.1,0,0.04,0,0,0,116,139,0,0,187,1,2
125,Mason Holgate,Everton,ENG,DF,8,6,608,6.8,0,0,0,0,0,1,1,0.2,0,0.03,0,0,0,173,247,0,1,328,1,1
126,Callum Hudson-Odoi,Chelsea,ENG,"FW,MF",12,9,764,8.5,1,1,1,0,0,1,0,1.8,2.1,0.21,0.24,29,7,238,305,20,19,394,17,24
127,Pierre Højbjerg,Tottenham Hotspur,DEN,MF,17,17,1517,16.9,2,1,2,0,0,1,0,1,0.8,0.06,0.05,33,2,1061,1195,14,6,1362,20,34
128,Kelechi Iheanacho,Leicester City,NGA,"FW,MF",14,6,592,6.6,2,4,2,0,0,0,0,2.1,2.2,0.32,0.33,17,2,137,184,11,7,284,9,21
129,Danny Ings,Southampton,ENG,FW,14,12,1033,11.5,4,2,3,1,1,1,0,3.2,0.7,0.28,0.07,10,1,126,195,5,12,315,9,19
130,Alex Iwobi,Everton,NGA,"MF,FW",13,7,714,7.9,1,1,1,0,0,0,0,1,1.1,0.13,0.14,19,0,191,238,10,14,332,14,26
131,Daniel James,Leeds United,WAL,"FW,MF",15,13,1085,12.1,2,1,2,0,0,0,0,2,1.4,0.17,0.12,19,3,175,262,13,24,397,10,25
132,Reece James,Chelsea,ENG,DF,16,14,1114,12.4,4,5,4,0,0,4,1,1.7,3.4,0.14,0.27,35,3,773,915,31,52,1036,18,25
133,Gabriel Jesus,Manchester City,BRA,FW,17,15,1290,14.3,2,7,2,0,0,0,0,5.2,3.4,0.36,0.24,35,6,472,556,23,20,742,25,42
134,Raúl Jiménez,Wolverhampton Wanderers,MEX,FW,18,17,1474,16.4,3,2,3,0,0,5,1,3.3,1.7,0.2,0.1,26,4,333,476,22,9,717,28,62
135,Joelinton,Newcastle United,BRA,"MF,FW",18,13,1213,13.5,1,1,1,0,0,4,0,1.4,1,0.1,0.08,24,3,350,466,16,10,706,20,34
136,Ben Johnson,West Ham United,ENG,DF,11,10,801,8.9,1,0,1,0,0,1,0,0.1,0.3,0.01,0.03,9,0,317,461,4,20,573,6,11
137,Curtis Jones,Liverpool FC,ENG,MF,6,3,323,3.6,1,1,1,0,0,0,0,0.4,0.2,0.12,0.04,3,0,213,227,2,0,262,2,2
138,Jorginho,Chelsea,ITA,MF,18,15,1374,15.3,6,1,0,6,6,3,0,4.9,2,0.32,0.13,27,0,941,1062,13,1,1204,6,7
139,Diogo Jota,Liverpool FC,POR,FW,19,16,1372,15.2,10,1,10,0,0,1,0,10.6,3.6,0.69,0.23,34,11,320,431,24,11,640,20,42
140,Ozan Kabak,Liverpool FC,TUR,DF,9,9,742,8.2,0,0,0,0,0,2,0,0.2,0,0.02,0,2,1,280,335,1,0,420,11,15
141,Harry Kane,Tottenham Hotspur,ENG,FW,17,16,1432,15.9,4,1,3,1,1,3,0,7.6,2.7,0.48,0.17,28,2,307,414,15,13,622,23,41
142,N'Golo Kanté,Chelsea,FRA,MF,12,9,761,8.5,2,1,2,0,0,1,0,0.8,0.9,0.1,0.1,18,2,441,521,7,5,624,19,27
143,Moise Kean,Everton,ITA,FW,1,0,1,0,0,0,0,0,0,0,0,0,0,0,0,0,0,1,1,0,0,2,0,0
144,Michael Keane,Everton,ENG,DF,18,18,1620,18,1,2,1,0,0,0,0,0.8,0.6,0.04,0.03,7,0,506,666,4,0,859,4,6
145,Naby Keïta,Liverpool FC,GUI,MF,11,6,527,5.9,2,1,2,0,0,1,0,1.1,0.9,0.18,0.16,16,2,283,330,6,2,402,8,10
146,Caoimhín Kelleher,Liverpool FC,IRL,GK,2,2,180,2,0,0,0,0,0,0,0,0,0,0,0,0,0,81,90,0,0,94,0,0
147,Jonjoe Kenny,Everton,ENG,DF,3,2,176,2,0,1,0,0,0,1,0,0,0.2,0.01,0.08,4,0,47,67,2,4,87,0,1
148,Max Kilman,Wolverhampton Wanderers,ENG,DF,19,19,1709,19,1,0,1,0,0,3,0,0.7,0,0.04,0,4,1,780,883,2,2,1088,8,10
149,Joshua King,Everton,NOR,"FW,MF",16,15,1266,14.1,5,3,4,1,1,3,0,6.2,2.1,0.44,0.15,26,2,198,278,22,13,459,18,32
150,Mateusz Klich,Leeds United,POL,MF,14,11,946,10.5,1,2,1,0,0,2,0,1.3,1.8,0.13,0.17,39,1,351,453,25,18,550,9,11
151,Robin Koch,Leeds United,GER,"DF,MF",3,3,270,3,0,0,0,0,0,1,0,0,0,0,0,1,0,71,96,0,0,128,1,1
152,Sead Kolašinac,Arsenal,BIH,DF,2,1,91,1,0,0,0,0,0,1,0,0,0,0,0,0,0,10,13,0,0,27,0,0
153,Ezri Konsa,Aston Villa,ENG,DF,18,18,1577,17.5,2,0,2,0,0,3,1,1.4,0.2,0.08,0.01,6,0,489,580,3,1,733,5,6
154,Cheikhou Kouyaté,Crystal Palace,SEN,MF,17,15,1320,14.7,0,1,0,0,0,0,0,0.2,0.5,0.01,0.04,12,1,449,533,3,3,725,9,14
155,Mateo Kovačić,Chelsea,CRO,MF,13,10,936,10.4,2,5,2,0,0,2,0,1.2,2.1,0.12,0.2,33,1,619,697,13,3,813,20,25
156,Emil Krafth,Newcastle United,SWE,DF,7,6,542,6,0,1,0,0,0,2,0,0.1,0.6,0.02,0.09,2,1,162,205,2,4,254,1,1
157,Alexandre Lacazette,Arsenal,FRA,"FW,MF",15,10,864,9.6,3,3,2,1,2,0,0,4.1,1,0.43,0.1,24,2,199,266,12,5,375,10,16
158,Adam Lallana,Brighton,ENG,MF,17,15,1309,14.5,0,1,0,0,0,4,0,1.1,0.5,0.08,0.04,19,1,686,787,6,8,929,15,21
159,Tariq Lamptey,Brighton,ENG,"DF,FW",12,7,676,7.5,0,1,0,0,0,1,0,0.4,0.9,0.06,0.12,15,3,254,333,9,23,444,13,28
160,Manuel Lanzini,West Ham United,ARG,"MF,FW",14,5,591,6.6,4,1,2,2,2,0,0,1.8,1.6,0.28,0.25,16,1,363,407,13,6,458,8,13
161,Aymeric Laporte,Manchester City,ESP,DF,17,17,1450,16.1,2,0,2,0,0,5,1,2.7,0.2,0.17,0.01,15,0,1350,1420,5,2,1524,1,2
162,Jamaal Lascelles,Newcastle United,ENG,DF,15,15,1350,15,1,0,1,0,0,5,0,0.5,0,0.03,0,5,0,340,426,1,2,601,1,1
163,Bernd Leno,Arsenal,GER,GK,3,3,270,3,0,0,0,0,0,0,0,0,0,0,0,0,0,58,87,0,0,99,0,0
164,Jamal Lewis,Newcastle United,NIR,DF,5,4,262,2.9,0,0,0,0,0,1,0,0,0,0,0.01,2,0,82,106,1,3,142,1,3
165,Victor Lindelöf,Manchester United,SWE,DF,13,12,1087,12.1,0,2,0,0,0,2,0,0.1,0.4,0.01,0.04,5,0,546,617,2,0,734,0,1
166,Jesse Lingard,West Ham United,ENG,FW,8,0,95,1.1,2,0,2,0,0,0,0,0.3,0.1,0.28,0.09,4,0,42,47,2,4,63,1,2
167,Diego Llorente,Leeds United,ESP,DF,14,14,1176,13.1,1,0,1,0,0,5,0,0.3,0.1,0.02,0,5,0,560,690,2,0,834,7,9
168,Hugo Lloris,Tottenham Hotspur,FRA,GK,18,18,1620,18,0,0,0,0,0,0,0,0,0.5,0,0.03,4,0,336,448,3,0,502,0,0
169,Giovani Lo Celso,Tottenham Hotspur,ARG,"MF,FW",8,2,221,2.5,0,0,0,0,0,0,0,0.7,0.6,0.3,0.26,4,0,109,139,5,1,184,5,7
170,Ruben Loftus-Cheek,Fulham,ENG,MF,12,7,697,7.7,0,2,0,0,0,1,0,0.9,0.8,0.12,0.1,13,2,389,441,5,2,557,23,35
171,Shane Long,Southampton,IRL,"FW,MF",3,1,108,1.2,0,0,0,0,0,0,0,0.3,0,0.26,0,0,0,14,25,0,2,44,0,1
172,Sean Longstaff,Newcastle United,ENG,MF,13,9,846,9.4,1,1,1,0,0,1,0,0.9,0.4,0.1,0.04,11,0,303,377,4,2,486,3,5
173,Ademola Lookman,Fulham,ENG,"FW,MF",12,8,711,7.9,3,0,3,0,0,1,0,2.3,1.2,0.29,0.15,20,2,199,261,13,12,377,17,30
174,Matthew Lowton,Burnley,ENG,DF,17,17,1514,16.8,1,2,1,0,0,2,0,0.5,1.1,0.03,0.07,22,0,507,739,11,31,911,7,13
175,Douglas Luiz,Aston Villa,BRA,MF,15,14,1232,13.7,0,3,0,0,0,3,0,0.3,1.4,0.02,0.1,21,1,498,619,21,12,771,10,21
176,Alexis Mac Allister,Brighton,ARG,"MF,FW",14,5,578,6.4,4,1,3,1,1,1,0,2.4,0.6,0.37,0.09,14,0,230,305,10,8,422,0,10
177,James Maddison,Leicester City,ENG,"MF,FW",18,14,1161,12.9,5,3,5,0,0,2,0,4.1,2.4,0.32,0.18,28,5,310,430,19,15,567,16,29
178,Harry Maguire,Manchester United,ENG,DF,16,16,1394,15.5,0,0,0,0,0,6,1,0.7,0,0.05,0,7,0,750,852,2,0,1015,2,3
179,Riyad Mahrez,Manchester City,ALG,FW,16,8,847,9.4,6,4,4,2,2,0,0,5.1,3,0.54,0.32,32,0,445,535,28,27,646,14,25
180,Ainsley Maitland-Niles,Arsenal,ENG,MF,8,2,268,3,0,0,0,0,0,0,0,0,0.3,0.01,0.12,5,0,105,136,3,1,171,2,7
181,Sadio Mané,Liverpool FC,SEN,FW,20,19,1711,19,8,1,8,0,0,2,0,10.3,2.9,0.54,0.15,39,2,452,629,18,39,918,29,52
182,Javier Manquillo,Newcastle United,ESP,DF,12,12,1035,11.5,1,2,1,0,0,5,0,0.5,0.3,0.04,0.03,7,0,241,332,4,7,455,7,10
183,Fernando Marçal,Wolverhampton Wanderers,BRA,DF,11,11,954,10.6,0,0,0,0,0,2,0,0.4,0.1,0.04,0.01,7,0,427,549,2,39,688,4,9
184,Solly March,Brighton,ENG,"DF,FW",15,8,854,9.5,0,1,0,0,0,1,0,0.9,1.1,0.09,0.11,21,2,292,402,15,28,509,15,22
185,Pablo Marí,Arsenal,ESP,DF,2,2,180,2,0,0,0,0,0,1,0,0.3,0.1,0.15,0.05,1,0,78,86,1,0,114,1,1
186,Anthony Martial,Manchester United,FRA,FW,7,2,203,2.3,1,0,1,0,0,0,0,0.4,0.1,0.16,0.07,2,0,58,76,1,4,99,5,7
187,Martinelli,Arsenal,BRA,"FW,MF",13,9,779,8.7,4,2,4,0,0,1,0,3.2,1,0.37,0.11,16,2,143,209,14,10,337,10,22
188,Emiliano Martínez,Aston Villa,ARG,GK,18,18,1620,18,0,0,0,0,0,2,0,0,0,0,0,1,0,408,581,0,0,609,0,0
189,Arthur Masuaku,West Ham United,COD,"DF,FW",9,4,462,5.1,1,0,1,0,0,1,0,0.1,0,0.02,0.01,3,0,214,276,2,14,349,5,6
190,Jean-Philippe Mateta,Crystal Palace,FRA,FW,5,2,200,2.2,1,0,1,0,0,0,0,0.6,0.1,0.28,0.04,1,0,32,46,1,1,71,2,5
191,Nemanja Matić,Manchester United,SRB,MF,11,7,667,7.4,0,2,0,0,0,1,0,0.1,0.8,0.02,0.11,12,0,430,500,7,1,582,7,9
192,Joël Matip,Liverpool FC,CMR,DF,15,15,1350,15,0,0,0,0,0,1,0,1.2,0.2,0.08,0.01,14,0,959,1059,4,0,1202,10,11
193,Neal Maupay,Brighton,FRA,FW,17,15,1287,14.3,7,1,6,1,1,4,0,5.3,1.4,0.37,0.1,26,2,253,325,15,1,476,19,30
194,James McArthur,Crystal Palace,SCO,MF,11,11,950,10.6,0,1,0,0,0,3,0,0.2,0.8,0.02,0.07,17,1,475,569,9,10,698,11,17
195,Alex McCarthy,Southampton,ENG,GK,15,15,1350,15,0,0,0,0,0,1,0,0,0,0,0,1,0,274,450,1,0,483,0,0
196,John McGinn,Aston Villa,SCO,MF,17,17,1476,16.4,3,2,3,0,0,5,0,0.7,2.7,0.04,0.16,27,1,467,636,25,32,815,20,32
197,Dwight McNeil,Burnley,ENG,MF,17,17,1504,16.7,0,1,0,0,0,1,0,0.6,2.2,0.04,0.13,25,2,393,560,22,54,773,29,56
198,Scott McTominay,Manchester United,SCO,MF,17,15,1287,14.3,1,0,1,0,0,5,0,0.7,1.2,0.05,0.09,19,1,564,658,11,5,842,16,21
199,Ben Mee,Burnley,ENG,DF,13,13,1170,13,2,0,2,0,0,3,0,1.1,0.1,0.09,0,4,0,345,467,2,1,629,1,1
200,Benjamin Mendy,Manchester City,FRA,DF,1,1,78,0.9,0,0,0,0,0,0,0,0,0.3,0,0.3,4,0,73,87,2,4,94,1,2
201,Edouard Mendy,Chelsea,SEN,GK,20,20,1800,20,0,0,0,0,0,2,0,0,0,0,0,1,0,451,554,0,0,608,0,0
202,Illan Meslier,Leeds United,FRA,GK,19,19,1710,19,0,0,0,0,0,2,0,0,0,0,0,1,0,560,740,0,0,802,0,0
203,Luka Milivojević,Crystal Palace,SRB,MF,9,7,545,6.1,0,0,0,0,0,1,0,0.2,0.6,0.03,0.1,5,0,301,377,7,14,412,2,3
204,James Milner,Liverpool FC,ENG,"MF,DF",13,7,600,6.7,0,1,0,0,0,2,0,0.2,1.3,0.03,0.2,11,1,398,492,8,16,579,2,3
205,Yerry Mina,Everton,COL,DF,7,6,488,5.4,0,0,0,0,0,1,0,0.1,0,0.02,0,0,0,142,176,0,2,239,0,0
206,Takumi Minamino,Liverpool FC,JPN,"FW,MF",6,0,46,0.5,1,0,1,0,0,1,0,0.8,0,1.57,0,1,0,25,26,0,0,32,0,1
207,Tyrone Mings,Aston Villa,ENG,DF,17,16,1479,16.4,1,1,1,0,0,5,0,0.7,0.1,0.04,0.01,6,0,559,705,2,2,901,4,5
208,Tyrick Mitchell,Crystal Palace,ENG,DF,20,20,1790,19.9,0,1,0,0,0,0,0,0.1,0.9,0.01,0.04,25,0,833,1112,14,28,1335,8,17
209,Jakub Moder,Brighton,POL,"MF,FW",18,11,1060,11.8,0,3,0,0,0,1,0,1.6,1.2,0.13,0.1,15,2,365,503,10,13,660,5,19
210,Wesley Moraes,Aston Villa,BRA,FW,1,0,1,0,0,0,0,0,0,0,0,0,0,0,0,0,0,2,2,0,0,4,0,0
211,Mason Mount,Chelsea,ENG,"MF,FW",18,14,1248,13.9,7,5,6,1,1,2,0,5.9,4,0.43,0.29,31,4,477,628,30,42,800,13,28
212,Lucas Moura,Tottenham Hotspur,BRA,"FW,MF",17,14,1209,13.4,2,3,2,0,0,2,0,3,2.2,0.22,0.16,33,3,408,538,21,10,733,31,48
213,João Moutinho,Wolverhampton Wanderers,POR,MF,19,18,1569,17.4,1,0,1,0,0,2,0,0.7,1.7,0.04,0.1,22,0,873,1016,23,13,1153,8,10
214,Jacob Murphy,Newcastle United,ENG,"DF,MF",16,7,792,8.8,1,1,1,0,0,2,0,0.9,0.9,0.11,0.1,17,2,240,370,8,32,475,7,15
215,Marvelous Nakamba,Aston Villa,ZIM,MF,12,8,758,8.4,0,0,0,0,0,4,0,0,0.1,0,0.01,5,0,271,314,3,1,399,3,5
216,Wilfred Ndidi,Leicester City,NGA,"MF,DF",13,13,1170,13,0,0,0,0,0,3,0,0.9,0,0.07,0,5,0,536,655,0,2,835,4,6
217,Tanguy Ndombele,Tottenham Hotspur,FRA,MF,9,6,484,5.4,1,1,1,0,0,1,0,0.5,0.4,0.09,0.07,10,1,228,264,4,2,352,13,24
218,Reiss Nelson,Arsenal,ENG,FW,1,0,20,0.2,0,0,0,0,0,0,0,0,0,0.16,0.18,2,0,10,11,1,0,16,0,0
219,Rúben Neves,Wolverhampton Wanderers,POR,MF,18,16,1436,16,1,1,1,0,0,6,0,0.6,1.4,0.04,0.09,25,0,828,1018,13,10,1173,9,12
220,Eddie Nketiah,Arsenal,ENG,"FW,MF",3,0,41,0.5,0,0,0,0,0,0,0,0.3,0.3,0.76,0.68,3,0,21,23,2,1,36,0,0
221,Mark Noble,West Ham United,ENG,MF,4,1,96,1.1,1,0,0,1,2,0,0,1.5,0,1.42,0,0,0,55,65,0,0,71,1,1
222,Angelo Ogbonna,West Ham United,ITA,DF,11,11,921,10.2,1,0,1,0,0,1,0,0.3,0,0.03,0,2,0,392,452,0,0,528,0,0
223,Divock Origi,Liverpool FC,BEL,FW,3,0,41,0.5,2,0,2,0,0,0,0,0.7,0,1.47,0,0,0,11,15,0,0,29,1,2
224,Alex Oxlade-Chamberlain,Liverpool FC,ENG,"MF,FW",14,6,592,6.6,0,1,0,0,0,0,0,0.5,0.6,0.07,0.09,10,2,252,319,5,13,394,8,12
225,Emerson Palmieri,Chelsea,ITA,DF,1,0,5,0.1,0,0,0,0,0,0,0,0,0,0,0,0,0,1,2,0,0,2,0,0
226,Thomas Partey,Arsenal,GHA,MF,16,15,1324,14.7,1,0,1,0,0,3,0,1.5,0.7,0.1,0.05,26,4,647,752,10,2,909,17,24
227,Nicolas Pépé,Arsenal,CIV,"FW,MF",9,5,505,5.6,0,1,0,0,0,0,0,1.6,1.6,0.29,0.29,13,1,197,254,12,7,356,11,25
228,Ricardo Pereira,Leicester City,POR,DF,8,8,595,6.6,0,2,0,0,0,1,0,0.3,1.1,0.05,0.17,14,1,274,350,6,10,441,6,11
229,Ayoze Pérez,Leicester City,ESP,"FW,MF",7,3,219,2.4,0,2,0,0,0,0,1,1,0.7,0.43,0.27,9,0,58,72,6,3,109,1,6
230,Kalvin Phillips,Leeds United,ENG,MF,12,12,999,11.1,0,1,0,0,0,2,0,0.5,0.2,0.05,0.02,12,0,515,627,6,5,769,4,8
231,Jaden Philogene Bidace,Aston Villa,ENG,FW,1,0,5,0.1,0,0,0,0,0,0,0,0,0,0,0,0,0,0,0,0,0,3,0,0
232,Jordan Pickford,Everton,ENG,GK,17,17,1530,17,0,0,0,0,0,1,0,0,0,0,0,0,0,270,530,1,0,581,0,0
233,Erik Pieters,Burnley,NED,"DF,MF",4,1,112,1.2,0,0,0,0,0,0,0,0,0,0,0,0,0,37,50,0,2,72,0,1
234,Daniel Podence,Wolverhampton Wanderers,POR,"FW,MF",13,5,521,5.8,0,2,0,0,0,0,0,0.9,1.7,0.16,0.3,16,1,153,202,11,14,269,17,30
235,Paul Pogba,Manchester United,FRA,"MF,FW",9,7,631,7,0,7,0,0,0,4,1,1.6,1.4,0.23,0.19,25,2,377,448,14,10,551,20,27
236,Nick Pope,Burnley,ENG,GK,15,15,1350,15,0,0,0,0,0,0,0,0,0.2,0,0.01,3,0,222,432,2,0,480,1,1
237,Christian Pulisic,Chelsea,USA,"FW,MF",11,7,688,7.6,3,0,3,0,0,1,0,2.4,0.5,0.31,0.06,11,0,187,239,7,9,356,8,24
238,Aaron Ramsdale,Sheffield United,ENG,GK,17,17,1530,17,0,0,0,0,0,1,0,0,0,0,0,0,0,410,601,0,0,644,1,1
239,Jacob Ramsey,Aston Villa,ENG,"MF,FW",17,13,1068,11.9,2,0,2,0,0,3,0,1.3,0.7,0.11,0.06,18,0,335,398,9,9,554,7,15
240,Marcus Rashford,Manchester United,ENG,"FW,MF",11,7,600,6.7,2,1,2,0,0,1,0,1.1,1.1,0.17,0.17,10,3,158,229,6,13,303,14,29
241,Nathan Redmond,Southampton,ENG,"MF,FW",16,12,1141,12.7,0,4,0,0,0,0,0,1.8,3.2,0.14,0.25,33,1,316,450,24,32,583,14,26
242,Sergio Reguilón,Tottenham Hotspur,ESP,DF,17,16,1284,14.3,1,3,1,0,0,3,0,1.2,3,0.09,0.21,32,0,499,672,19,44,866,10,35
243,Declan Rice,West Ham United,ENG,MF,19,19,1710,19,1,4,1,0,0,5,0,0.5,1.6,0.03,0.09,29,1,947,1060,16,20,1248,19,32
244,Richarlison,Everton,BRA,"FW,MF",11,10,886,9.8,3,2,3,0,0,5,0,2.4,1.8,0.24,0.18,19,0,110,170,14,6,327,10,24
245,Jaïro Riedewald,Crystal Palace,NED,MF,3,1,118,1.3,0,0,0,0,0,0,0,0,0.1,0,0.06,2,0,45,54,2,0,66,0,2
246,Matt Ritchie,Newcastle United,SCO,DF,16,14,1318,14.6,0,2,0,0,0,5,0,0.4,1.6,0.03,0.11,18,0,494,682,29,45,803,3,5
247,Tyler Roberts,Leeds United,WAL,"MF,FW",19,7,862,9.6,1,1,1,0,0,5,0,2.6,1.3,0.27,0.13,20,2,199,271,14,16,393,8,20
248,Andrew Robertson,Liverpool FC,SCO,DF,14,14,1214,13.5,1,5,1,0,0,4,1,1,3,0.07,0.22,34,2,863,1078,27,46,1198,8,16
249,Joe Rodon,Tottenham Hotspur,WAL,DF,1,0,79,0.9,0,0,0,0,0,0,0,0,0,0,0,0,0,17,18,0,0,31,0,0
250,Rodri,Manchester City,ESP,MF,17,17,1472,16.4,3,1,3,0,0,5,0,1.2,1,0.07,0.06,35,2,1274,1368,15,3,1509,7,15
251,Rodrigo,Leeds United,ESP,"MF,FW",12,11,897,10,2,0,1,1,1,4,0,2.7,3,0.27,0.3,30,1,236,310,21,13,427,8,17
252,Jay Rodriguez,Burnley,ENG,FW,13,2,372,4.1,0,1,0,0,0,3,0,1.2,1.2,0.28,0.28,5,0,48,76,4,3,127,2,4
253,Oriol Romeu,Southampton,ESP,MF,17,17,1458,16.2,0,0,0,0,0,5,0,0.5,0.7,0.03,0.04,26,1,690,838,12,4,996,12,20
254,Antonio Rüdiger,Chelsea,GER,DF,20,20,1800,20,2,0,2,0,0,4,0,1.8,1,0.09,0.05,21,1,1170,1345,10,10,1527,4,6
255,Allan Saint-Maximin,Newcastle United,FRA,"FW,MF",19,18,1620,18,4,3,4,0,0,3,0,3.3,3.3,0.18,0.18,42,11,322,437,28,39,697,75,124
256,Romain Saïss,Wolverhampton Wanderers,MAR,DF,19,19,1658,18.4,2,0,2,0,0,3,0,2.1,0.1,0.12,0.01,7,0,827,998,1,3,1238,1,2
257,Bukayo Saka,Arsenal,ENG,"FW,MF",20,18,1481,16.5,6,4,6,0,0,3,0,4.5,3.1,0.28,0.19,46,7,455,610,29,40,832,28,51
258,Mohamed Salah,Liverpool FC,EGY,FW,20,20,1782,19.8,16,9,14,2,3,1,0,12.5,6.8,0.63,0.34,56,10,536,690,37,30,957,36,80
259,Mohammed Salisu,Southampton,GHA,DF,18,17,1532,17,0,0,0,0,0,8,1,0.6,0.3,0.03,0.02,12,0,706,906,4,9,1146,7,9
260,Davinson Sánchez,Tottenham Hotspur,COL,DF,12,10,931,10.3,2,0,2,0,0,2,0,1.4,0.1,0.14,0.01,8,0,488,555,1,2,673,1,2
261,Robert Sánchez,Brighton,ESP,GK,18,18,1619,18,0,0,0,0,0,2,1,0,0.4,0,0.02,4,0,570,795,3,0,847,0,0
262,Morgan Sanson,Aston Villa,FRA,MF,5,1,159,1.8,0,0,0,0,0,0,0,0,0,0.01,0,1,0,55,74,0,1,99,3,3
263,Fabian Schär,Newcastle United,SUI,DF,9,9,790,8.8,0,1,0,0,0,2,0,0.2,0.1,0.02,0.01,5,1,214,327,1,2,425,2,4
264,Jeffrey Schlupp,Crystal Palace,GHA,"MF,FW",15,6,590,6.6,2,0,2,0,0,0,0,1.1,0.4,0.17,0.05,10,2,130,182,5,10,287,12,20
265,Kasper Schmeichel,Leicester City,DEN,GK,18,18,1620,18,0,0,0,0,0,1,0,0,0,0,0,1,0,463,673,0,0,721,0,0
266,Nélson Semedo,Wolverhampton Wanderers,POR,DF,17,17,1479,16.4,0,0,0,0,0,1,0,1.2,0.7,0.08,0.04,19,3,636,805,8,18,1022,28,49
267,Jamie Shackleton,Leeds United,ENG,DF,11,7,628,7,0,0,0,0,0,4,0,0.1,0,0.02,0.01,6,0,317,365,2,4,442,7,13
268,Luke Shaw,Manchester United,ENG,DF,14,14,1179,13.1,0,1,0,0,0,5,0,0.2,1.8,0.01,0.14,27,0,688,857,27,28,975,5,12
269,Jonjo Shelvey,Newcastle United,ENG,MF,11,9,813,9,1,0,1,0,0,4,1,0.3,0.4,0.04,0.05,16,1,322,416,11,10,494,4,5
270,Bernardo Silva,Manchester City,POR,"MF,FW",20,20,1702,18.9,7,1,7,0,0,5,0,4.1,3.5,0.22,0.19,61,6,1016,1151,29,45,1351,37,59
271,Fábio Silva,Wolverhampton Wanderers,POR,"FW,MF",9,0,51,0.6,0,0,0,0,0,0,0,0,0.1,0.06,0.1,1,0,6,14,1,0,21,0,0
272,Thiago Silva,Chelsea,BRA,DF,17,14,1373,15.3,2,0,2,0,0,1,0,0.5,0.1,0.03,0.01,9,0,1146,1240,4,0,1412,4,5
273,Moussa Sissoko,Tottenham Hotspur,FRA,MF,16,16,1420,15.8,0,1,0,0,0,2,0,0.8,0.9,0.05,0.06,27,1,413,529,15,9,669,22,29
274,William Smallbone,Southampton,IRL,MF,1,1,69,0.8,0,0,0,0,0,0,0,0.1,0.1,0.1,0.12,0,0,7,15,1,1,28,0,1
275,Cédric Soares,Arsenal,POR,DF,4,2,217,2.4,0,0,0,0,0,1,0,0,0.1,0.01,0.06,2,0,65,83,2,1,99,0,1
276,Tomáš Souček,West Ham United,CZE,MF,20,20,1788,19.9,3,1,3,0,0,2,0,2.8,0.4,0.14,0.02,16,0,651,800,7,8,1063,7,13
277,Çağlar Söyüncü,Leicester City,TUR,DF,16,16,1417,15.7,1,0,1,0,0,3,0,1.2,0.1,0.08,0.01,6,0,814,954,2,3,1127,5,6
278,Zack Steffen,Manchester City,USA,GK,1,1,90,1,0,0,0,0,0,0,0,0,0,0,0,0,0,33,38,0,0,41,0,0
279,Dale Stephens,Burnley,ENG,MF,1,0,33,0.4,0,0,0,0,0,0,0,0,0,0,0,0,0,12,16,0,0,20,0,0
280,Jack Stephens,Southampton,ENG,DF,6,6,486,5.4,0,0,0,0,0,2,0,0,0.3,0,0.05,5,0,210,264,4,0,330,0,1
281,Raheem Sterling,Manchester City,ENG,FW,17,11,1097,12.2,7,1,5,2,2,0,0,7,2.8,0.57,0.23,36,6,411,484,21,24,654,24,57
282,John Stones,Manchester City,ENG,DF,6,4,413,4.6,1,0,1,0,0,0,0,0.8,0,0.17,0,3,0,286,302,0,0,335,1,2
283,Pascal Struijk,Leeds United,NED,"DF,MF",12,9,838,9.3,0,0,0,0,0,3,1,0.1,0.1,0.01,0.01,5,0,432,488,3,0,604,2,3
284,Japhet Tanganga,Tottenham Hotspur,ENG,DF,9,8,590,6.6,0,0,0,0,0,3,1,0.2,0.4,0.04,0.06,2,0,252,309,2,9,395,2,5
285,Matt Targett,Aston Villa,ENG,DF,17,17,1431,15.9,1,1,1,0,0,2,0,0.5,2.2,0.03,0.14,22,0,599,806,22,40,967,1,5
286,James Tarkowski,Burnley,ENG,DF,16,16,1440,16,1,2,1,0,0,6,0,1.4,0.2,0.09,0.02,10,0,368,508,2,0,714,2,4
287,Charlie Taylor,Burnley,ENG,DF,16,16,1440,16,0,1,0,0,0,1,0,0.1,1.6,0.01,0.1,18,1,522,741,12,38,963,15,29
288,Nathan Tella,Southampton,ENG,"MF,FW",8,5,447,5,0,0,0,0,0,1,0,0.4,0.7,0.09,0.14,7,2,61,98,5,6,192,7,20
289,Alex Telles,Manchester United,BRA,DF,6,5,468,5.2,0,0,0,0,0,0,0,0.2,0.5,0.03,0.09,7,0,223,297,8,16,363,1,5
290,Luke Thomas,Leicester City,ENG,DF,10,10,900,10,0,1,0,0,0,0,0,0.1,1.2,0.01,0.12,8,0,453,550,7,11,670,7,17
291,Youri Tielemans,Leicester City,BEL,MF,14,13,1171,13,5,2,4,1,1,1,0,2.9,2.9,0.23,0.23,30,2,623,769,23,9,922,9,14
292,Kieran Tierney,Arsenal,SCO,DF,14,14,1196,13.3,1,3,1,0,0,0,0,0.6,1.2,0.04,0.09,19,1,472,626,14,44,739,6,17
293,James Tomkins,Crystal Palace,ENG,DF,8,6,547,6.1,1,0,1,0,0,2,0,0.6,0.4,0.09,0.06,3,0,279,317,2,0,367,2,2
294,Cenk Tosun,Everton,TUR,FW,1,0,7,0.1,0,0,0,0,0,0,0,0,0,0,0,0,0,2,2,0,0,3,0,0
295,Andros Townsend,Crystal Palace,ENG,MF,16,15,1266,14.1,3,2,2,1,1,3,0,2.2,2.3,0.15,0.16,36,1,295,418,28,50,612,18,34
296,Adama Traoré,Wolverhampton Wanderers,ESP,FW,18,10,1038,11.5,0,0,0,0,0,0,0,1.8,1.7,0.16,0.15,30,12,237,316,19,27,480,61,84
297,Bertrand Traoré,Aston Villa,BFA,"MF,FW",6,1,154,1.7,0,0,0,0,0,0,0,0.2,0,0.09,0,4,3,43,56,0,2,88,10,21
298,Trézéguet,Aston Villa,EGY,FW,1,0,11,0.1,0,0,0,0,0,0,0,0.1,0,0.59,0,0,0,6,6,0,0,9,1,1
299,Leandro Trossard,Brighton,BEL,"FW,MF",18,18,1531,17,4,1,3,1,1,1,0,3.5,1.7,0.21,0.1,35,6,489,616,25,29,846,34,46
300,Kostas Tsimikas,Liverpool FC,GRC,DF,9,6,580,6.4,0,1,0,0,0,2,0,0.2,1.5,0.03,0.23,11,0,293,408,16,36,476,5,10
301,Axel Tuanzebe,Manchester United,ENG,DF,9,6,508,5.6,0,0,0,0,0,1,0,0.2,0,0.03,0,1,0,197,227,0,1,263,0,0
302,Yan Valery,Southampton,FRA,DF,1,1,90,1,0,0,0,0,0,0,0,0,0,0.02,0,0,0,19,26,0,0,35,0,0
303,Jamie Vardy,Leicester City,ENG,FW,16,15,1321,14.7,9,1,9,0,0,2,0,6.2,1.3,0.42,0.09,24,1,138,193,16,15,291,8,13
304,Joël Veltman,Brighton,NED,DF,15,14,1209,13.4,0,1,0,0,0,4,0,0.2,0.8,0.01,0.06,15,1,567,734,10,17,890,7,15
305,Jannik Vestergaard,Southampton,DEN,DF,8,5,475,5.3,0,0,0,0,0,2,0,0.1,0,0.01,0.01,3,0,264,285,1,0,358,3,3
306,Matěj Vydra,Burnley,CZE,FW,15,2,359,4,1,1,1,0,0,0,0,1.9,0.2,0.48,0.05,5,0,36,55,3,2,112,4,7
307,Theo Walcott,Everton,ENG,MF,8,5,378,4.2,0,0,0,0,0,0,0,0.7,0,0.17,0.01,4,0,60,84,1,4,127,1,2
308,Kyle Walker,Manchester City,ENG,DF,12,12,1035,11.5,0,1,0,0,0,1,0,0.2,0.7,0.01,0.06,21,0,889,998,6,12,1064,5,9
309,Kyle Walker-Peters,Southampton,ENG,DF,15,13,1168,13,0,2,0,0,0,5,0,0.2,1.5,0.02,0.11,20,2,478,601,12,17,769,19,29
310,Aaron Wan-Bissaka,Manchester United,ENG,DF,15,15,1343,14.9,0,0,0,0,0,2,0,0.1,0.6,0,0.04,21,2,711,843,11,20,1015,26,41
311,Joel Ward,Crystal Palace,ENG,DF,19,19,1710,19,0,0,0,0,0,5,0,0.3,0.5,0.02,0.02,9,0,950,1174,5,23,1384,11,19
312,James Ward-Prowse,Southampton,ENG,MF,17,17,1505,16.7,5,1,2,3,3,2,1,3.2,2.3,0.19,0.14,25,0,708,911,30,27,1064,11,15
313,Ollie Watkins,Aston Villa,ENG,FW,16,15,1362,15.1,5,1,5,0,0,3,0,5.4,1,0.36,0.07,23,3,268,367,14,11,567,16,29
314,Adam Webster,Brighton,ENG,DF,10,9,717,8,0,0,0,0,0,4,0,0.1,0,0.01,0,5,0,507,606,0,3,695,5,6
315,Danny Welbeck,Brighton,ENG,"FW,MF",6,3,295,3.3,2,0,2,0,0,0,0,0.5,0,0.15,0,1,0,49,57,0,0,105,4,8
316,Timo Werner,Chelsea,GER,FW,9,6,545,6.1,1,1,1,0,0,1,0,3.2,0.2,0.53,0.03,6,1,97,140,2,14,212,5,14
317,Ashley Westwood,Burnley,ENG,MF,15,15,1329,14.8,0,3,0,0,0,5,0,0.5,2.7,0.03,0.18,22,0,533,740,21,21,845,6,11
318,Ben White,Brighton,ENG,DF,18,18,1620,18,0,0,0,0,0,1,0,0.2,0.2,0.01,0.01,11,0,767,902,6,3,1072,6,14
319,Brandon Williams,Manchester United,ENG,DF,13,11,1057,11.7,0,0,0,0,0,4,0,0.1,0.3,0,0.03,12,0,504,591,8,8,753,6,20
320,Neco Williams,Liverpool FC,WAL,DF,1,0,8,0.1,0,1,0,0,0,0,0,0,0.6,0,6.5,1,1,8,8,1,1,8,2,2
321,Joe Willock,Arsenal,ENG,MF,16,13,1050,11.7,0,0,0,0,0,0,0,0.8,0.7,0.07,0.06,18,5,240,302,10,10,447,13,35
322,Callum Wilson,Newcastle United,ENG,FW,15,14,1184,13.2,6,0,5,1,1,4,0,4.4,0.4,0.33,0.03,14,0,104,152,8,5,315,14,23
323,Harry Winks,Tottenham Hotspur,ENG,MF,7,4,365,4.1,0,0,0,0,0,2,0,0,0.8,0,0.19,9,0,228,266,4,4,312,2,4
324,Chris Wood,Burnley,NZL,FW,17,17,1367,15.2,3,0,3,0,0,1,0,4.4,0.2,0.29,0.02,16,1,184,308,7,5,453,5,9
325,Granit Xhaka,Arsenal,SUI,MF,10,10,825,9.2,0,1,0,0,0,4,1,0.5,0.7,0.05,0.08,22,0,434,502,8,1,577,5,8
326,Andriy Yarmolenko,West Ham United,UKR,"FW,MF",9,0,70,0.8,0,0,0,0,0,0,0,0.1,0,0.14,0.04,1,1,29,40,1,2,53,1,4
327,Wilfried Zaha,Crystal Palace,CIV,FW,17,16,1391,15.5,5,1,3,2,2,5,1,3.5,3,0.22,0.19,39,4,382,499,22,29,794,34,75
328,Oleksandr Zinchenko,Manchester City,UKR,DF,7,5,507,5.6,0,1,0,0,0,0,0,0.1,0.5,0.02,0.09,13,0,438,483,5,5,527,2,4
329,Hakim Ziyech,Chelsea,MAR,"FW,MF",10,6,550,6.1,1,2,1,0,0,2,0,2.5,1.6,0.41,0.26,21,4,196,265,14,19,368,16,24
330,Kurt Zouma,West Ham United,FRA,DF,11,11,970,10.8,1,0,1,0,0,1,0,0.3,0,0.03,0,2,0,337,391,0,2,499,0,0
331,Martin Ødegaard,Arsenal,NOR,MF,18,14,1219,13.5,4,4,4,0,0,2,0,1.5,3.3,0.11,0.24,41,2,571,688,32,9,807,8,16
332,Diogo Dalot,Manchester United,POR,DF,9,4,463,5.1,0,0,0,0,0,2,0,0.2,0.2,0.05,0.04,8,0,227,297,3,20,356,3,11
333,Phil Jones,Manchester United,ENG,DF,1,1,90,1,0,0,0,0,0,0,0,0,0,0,0.02,2,0,47,51,1,0,60,0,0
334,Romelu Lukaku,Chelsea,BEL,FW,13,8,830,9.2,5,0,5,0,0,0,0,3.7,2,0.4,0.22,18,3,126,175,13,5,281,11,18
335,Cristiano Ronaldo,Manchester United,POR,FW,16,14,1297,14.4,8,3,6,2,2,4,0,8.8,1.6,0.61,0.11,24,5,367,459,12,7,609,9,20
336,Jadon Sancho,Manchester United,ENG,"FW,MF",16,10,924,10.3,1,0,1,0,0,0,0,1.2,1.6,0.12,0.15,35,4,424,511,21,21,610,18,33
337,Raphaël Varane,Manchester United,FRA,DF,9,8,745,8.3,0,1,0,0,0,0,0,0.2,0.1,0.03,0.01,5,0,412,457,2,0,551,1,3